time,S,A,B,i,m
0.0,103.01793758512284,102.93756861595497,76.51174711156297,0.7946975826438507,0.1971515924263558
4.0,296.9569131034421,45.90312230942644,0.826055991285682,14.310476681399155,0.7257835649600856
6.0,185.70771399402705,66.63965776657804,0.27076959591524824,13.408005949602803,0.9436025492175272
11.0,69.52092311301254,255.9183892797333,0.6982483748368251,10.35263029882605,0.9532486831407098
14.0,42.46818359403756,326.43530689613544,3.7337767926151875,10.525993812611244,0.9341423434377731
20.0,6.6205105303234015,318.3078840329164,113.87227348147444,9.823443695158925,1.0305201795900356
27.0,0.05314996748919724,340.01280100721004,202.30611254148772,2.700598254407333,0.938331394517037
